<?xml version="1.0" encoding="UTF-8" standalone="yes"?>
<addon id="repository.padam" name="Padam Kattava" version="0.5.22" provider-name="Jalabula Jung">
    <requires>
        <import addon="xbmc.python" version="2.26.0"/>
    </requires>
    <extension point="xbmc.python.pluginsource" library="main.py">
      <provides>video</provides>
    </extension>
    <extension point="xbmc.addon.metadata">
        <assets>
            <icon>icon.png</icon>
        </assets>
        <platform>all</platform>
        <license>GPL-2.0-or-later, GPL-3.0-or-later, Apache-2.0</license>
    </extension>
</addon>