<?xml version="1.0" encoding="UTF-8" standalone="yes"?>
<addon id="yogi.baba" name="Yogi Talkies" version="3.0.1" provider-name="Kuwait Govindan">
    <requires>
        <import addon="xbmc.python" version="3.0.0"/>
        <import addon="script.module.requests" version="2.22.0" />
        <import addon="script.module.beautifulsoup4" version="4.3.2" />
    </requires>
    <extension point="xbmc.python.pluginsource" library="main.py">
      <provides>video</provides>
    </extension>
    <extension point="xbmc.addon.metadata">
        <assets>
            <icon>icon.png</icon>
        </assets>
        <platform>all</platform>
        <license>GPL-2.0-or-later, GPL-3.0-or-later, Apache-2.0</license>
    </extension>
</addon>