<?xml version="1.0" encoding="UTF-8"?>
<addon id="padam.kattava"
version="2.4.0"
name="Padam Kattava"
provider-name="Jalabula_Jung">
<requires>
  <import addon="xbmc.python" version="3.0.0"/>
</requires>
<extension point="xbmc.python.pluginsource" library="main.py">
  <provides>video</provides>
</extension>
<extension point="xbmc.addon.metadata">
  <summary lang="en">Tamil Padam Debug Version</summary>
  <description lang="en_GB">Tamil Padam & Web Series Collection</description>
  <assets>
    <icon>icon.png</icon>
    <fanart>fanart.jpg</fanart>
    <screenshot>resources\screenshot-01.jpg</screenshot>
    <screenshot>resources\screenshot-02.jpg</screenshot>
    <screenshot>resources\screenshot-03.jpg</screenshot>    
  </assets>
  <news>Updated with latest artwork metadata</news>
</extension>
</addon>
