<?xml version="1.0" encoding="UTF-8" standalone="yes"?>
<addon id="repository.padam" name="Padam Kattava" version="2.4.0" provider-name="Jalabula_Jung">
<requires>
  <import addon="xbmc.python" version="3.0.0"/>
</requires>
<extension point="xbmc.python.pluginsource" library="main.py">
  <provides>video</provides>
</extension>
<extension point="xbmc.addon.metadata">
  <summary lang="en">Tamil Padam Debug Version</summary>
  <description lang="en_GB">Tamil Padam & Web Series Collection</description>
  <assets>
    <icon>icon.png</icon>
    <fanart>fanart.jpg</fanart>   
  </assets>
  <news>Updated with latest artwork metadata</news>
</extension>
</addon>
